{
  "name": "compile_rule_set.json",
  "description": "Compiles a rule set definition into a finalized list of rule files with references resolved.",
  "instructions": {
    "steps": [
      {
        "description": "Validate the rule set file structure using the rule_set_schema.json standard."
      },
      {
        "description": "Resolve rule IDs to actual rule content to compile the full rule set."
      }
    ]
  },
  "uses_standards": [
    "compiled_rule_set_schema.json",
    "rule_set_schema.json"
  ],
  "schema": {
    "inputs": {
      "type": "object",
      "properties": {
        "rule_set_definition": {
          "type": "object",
          "properties": {
            "name": {
              "type": "string"
            },
            "composable_rules": {
              "type": "array",
              "items": {
                "type": "string"
              }
            }
          },
          "required": [
            "name",
            "composable_rules"
          ]
        }
      },
      "required": [
        "rule_set_definition"
      ]
    },
    "outputs": {
      "type": "object",
      "properties": {
        "compiled_rule_set": {
          "type": "object",
          "properties": {
            "name": {
              "type": "string"
            },
            "compiled_rules": {
              "type": "array",
              "items": {
                "type": "string"
              }
            }
          },
          "required": [
            "name",
            "compiled_rules"
          ]
        }
      },
      "required": [
        "compiled_rule_set"
      ]
    }
  },
  "example_input": {
    "rule_set_definition": {
      "name": "Core Access Controls",
      "composable_rules": [
        "ENF-R001.json",
        "VAL-R004.json"
      ]
    }
  },
  "example_output": {
    "compiled_rule_set": {
      "name": "Core Access Controls",
      "compiled_rules": [
        "All access must be authenticated.",
        "Reject invalid inputs."
      ]
    }
  }
}