{
  "name": "is_core_rule.json",
  "description": "Determines whether a rule qualifies for core status by applying the eligibility standard.",
  "instructions": "Execute is_core_rule.json based on the declared schema and standards.",
  "uses_standards": [
    "core_rule.json",
    "rule.json"
  ],
  "schema": {
    "inputs": {
      "type": "object",
      "properties": {
        "text": {
          "type": "string",
          "description": "The text of the rule to evaluate."
        }
      },
      "required": [
        "text"
      ]
    },
    "outputs": {
      "type": "object",
      "properties": {
        "is_core": {
          "type": "boolean",
          "description": "Whether the rule qualifies as a core rule."
        },
        "violations": {
          "type": "array",
          "items": {
            "type": "string"
          },
          "description": "List of eligibility violations (if any)."
        }
      },
      "required": [
        "is_core",
        "violations"
      ]
    }
  },
  "example_input": {
    "text": "All access must require authentication."
  },
  "example_output": {
    "is_core": true,
    "violations": []
  },
  "input_schema": {
    "type": "object",
    "required": [
      "rule"
    ],
    "properties": {
      "rule": {
        "type": "object",
        "description": "A rule object to evaluate for core eligibility."
      }
    }
  },
  "output_schema": {
    "type": "object",
    "required": [
      "is_core"
    ],
    "properties": {
      "is_core": {
        "type": "boolean",
        "description": "True if the rule meets the criteria for core status."
      }
    }
  }
}