{
  "name": "rule_deduplication.json",
  "description": "Determines whether a rule is redundant given a set of existing rules.",
  "instructions": "Execute rule_deduplication.json based on the declared schema and standards.",
  "uses_standards": [
    "rule.json"
  ],
  "schema": {
    "inputs": {
      "type": "object",
      "properties": {
        "rule_text": {
          "type": "string"
        },
        "existing_rules": {
          "type": "array",
          "items": {
            "type": "string"
          }
        }
      },
      "required": [
        "rule_text",
        "existing_rules"
      ]
    },
    "outputs": {
      "type": "object",
      "properties": {
        "is_redundant": {
          "type": "boolean"
        },
        "matching_rule": {
          "type": "string"
        }
      },
      "required": [
        "is_redundant",
        "matching_rule"
      ]
    }
  },
  "example_input": {
    "rule_text": "All passwords must be hashed.",
    "existing_rules": [
      "Passwords must be stored using cryptographic hashing.",
      "Do not store plain text passwords."
    ]
  },
  "example_output": {
    "is_redundant": true,
    "matching_rule": "Passwords must be stored using cryptographic hashing."
  }
}