{
  "name": "rule_consolidation.json",
  "description": "Merges a new rule into an existing one when redundancy is detected.",
  "instructions": "Execute rule_consolidation.json based on the declared schema and standards.",
  "uses_standards": [
    "rule.json"
  ],
  "schema": {
    "inputs": {
      "type": "object",
      "properties": {
        "original_rule": {
          "type": "string"
        },
        "redundant_rule": {
          "type": "string"
        }
      },
      "required": [
        "original_rule",
        "redundant_rule"
      ]
    },
    "outputs": {
      "type": "object",
      "properties": {
        "consolidated_rule": {
          "type": "string"
        },
        "explanation": {
          "type": "string"
        }
      },
      "required": [
        "consolidated_rule",
        "explanation"
      ]
    }
  },
  "example_input": {
    "original_rule": "Validate all user input.",
    "redundant_rule": "User data must be checked."
  },
  "example_output": {
    "consolidated_rule": "All user input must be validated.",
    "explanation": "Unified language while preserving both intents."
  },
  "input_schema": {
    "type": "object",
    "required": [
      "composable_rules"
    ],
    "properties": {
      "composable_rules": {
        "type": "array",
        "items": {
          "type": "object"
        },
        "description": "Array of redundant rules to consolidate."
      }
    }
  }
}