{
  "name": "rule_categorization.json",
  "description": "Assigns a category to a rule based on its text and intent.",
  "instructions": "Execute rule_categorization.json based on the declared schema and standards.",
  "uses_standards": [
    "rule_categorization.json"
  ],
  "schema": {
    "inputs": {
      "type": "object",
      "properties": {
        "text": {
          "type": "string",
          "description": "The rule to categorize."
        }
      },
      "required": [
        "text"
      ]
    },
    "outputs": {
      "type": "object",
      "properties": {
        "category": {
          "type": "string",
          "description": "Category abbreviation (e.g., ENF, VAL, etc.)."
        },
        "justification": {
          "type": "string",
          "description": "Why this rule belongs to the selected category."
        }
      },
      "required": [
        "category",
        "justification"
      ]
    }
  },
  "example_input": {
    "text": "Reject any unauthenticated request."
  },
  "example_output": {
    "category": "ENF",
    "justification": "This rule mandates rejection behavior, fitting enforcement."
  }
}