{
  "$schema": "https://json-schema.org/draft/2020-12/schema",
  "title": "TrueSignal Rule Set Definition Schema",
  "description": "Schema for a declarative rule set definition. Requires 'rules' and 'rule_sets' fields, even if empty.",
  "type": "object",
  "required": [
    "rules",
    "rule_sets"
  ],
  "properties": {
    "rules": {
      "type": "array",
      "items": {
        "type": "string",
        "pattern": "^[A-Z]{3}-R\\d{3}$"
      }
    },
    "rule_sets": {
      "type": "array",
      "items": {
        "type": "string"
      }
    }
  },
  "additionalProperties": false
}