{
  "$schema": "http://json-schema.org/draft-07/schema#",
  "title": "TrueSignal Rule File",
  "description": "Schema for individual rule files in the TrueSignal corpus.",
  "type": "object",
  "required": [
    "rule"
  ],
  "properties": {
    "rule": {
      "type": "string",
      "description": "The complete, standalone rule text."
    },
    "example_cases": {
      "type": "array",
      "minItems": 1,
      "items": {
        "type": "string",
        "description": "A test case or prompt that activates the rule or demonstrates failure if omitted."
      },
      "description": "One or more examples that demonstrate the rule's necessity and scope."
    }
  },
  "additionalProperties": false
}