{
  "name": "rule_standard_schema.json",
  "description": "Defines the required structure for all rule standards in TrueSignal. All rule standards must conform to this schema and implicitly extend rule.json.",
  "type": "object",
  "required": [
    "description",
    "type",
    "required",
    "properties",
    "examples",
    "additionalProperties"
  ],
  "properties": {
    "description": {
      "type": "string",
      "description": "A plain language description of the rule standard's purpose."
    },
    "type": {
      "type": "string",
      "enum": [
        "object"
      ],
      "description": "Must always be 'object'."
    },
    "required": {
      "type": "array",
      "items": {
        "type": "string"
      },
      "description": "Array of required field names for the rule."
    },
    "properties": {
      "type": "object",
      "description": "Field definitions for rules conforming to this standard."
    },
    "examples": {
      "type": "array",
      "items": {
        "type": "object"
      },
      "description": "Array of example rule objects that conform to this standard."
    },
    "additionalProperties": {
      "type": "boolean",
      "description": "Whether additional fields are allowed beyond those defined in 'properties'."
    }
  },
  "additionalProperties": false,
  "examples": [
    {
      "description": "Defines a rule structure for a given purpose.",
      "type": "object",
      "required": [
        "text",
        "category"
      ],
      "properties": {
        "text": {
          "type": "string"
        },
        "category": {
          "type": "string"
        }
      },
      "examples": [
        {
          "text": "Keep explanations logically consistent and free of contradictions.",
          "category": "logic"
        }
      ],
      "additionalProperties": false
    }
  ]
}